Name,Code_2L,Code_3L
Andorra,AD,AND
Afghanistan,AF,AFG
Antigua and Barbuda,AG,ATG
Anguilla,AI,AIA
Albania,AL,ALB
Armenia,AM,ARM
Angola,AO,AGO
Antarctica,AQ,ATA
Argentina,AR,ARG
American Samoa,AS,ASM
Australia,AU,AUS
Aruba,AW,ABW
Åland Islands,AX,ALA
Azerbaijan,AZ,AZE
Austria,AT,AUT
Algeria,DZ,DZA
Bahamas,BS,BHS
Bahrain,BH,BHR
Bangladesh,BD,BGD
Barbados,BB,BRB
Belarus,BY,BLR
Belgium,BE,BEL
Belize,BZ,BLZ
Benin,BJ,BEN
Bermuda,BM,BMU
Bhutan,BT,BTN
Plurinational State of Bolivia,BO,BOL
Sint Eustatius and Saba Bonaire,BQ,BES
Bosnia and Herzegowina,BA,BIH
Botswana,BW,BWA
Bouvet Island,BV,BVT
Brazil,BR,BRA
British Indian Ocean Territory,IO,IOT
Brunei Darussalam,BN,BRN
Bulgaria,BG,BGR
Burkina Faso,BF,BFA
Burundi,BI,BDI
Cambodia,KH,KHM
Cameroon,CM,CMR
Canada,CA,CAN
Cape Verde,CV,CPV
Cayman Islands,KY,CYM
Central African Republic,CF,CAF
Chad,TD,TCD
Chile,CL,CHL
China,CN,CHN
Christmas Island,CX,CXR
Cocos  Islands,CC,CCK
Colombia,CO,COL
Comoros,KM,COM
Congo,CG,COG
The Democratic Republic of The Congo,CD,COD
Cook Islands,CK,COK
Costa Rica,CR,CRI
Côte d'Ivoire,CI,CIV
Croatia ,HR,HRV
Cuba,CU,CUB
Curaçao,CW,CUW
Cyprus,CY,CYP
Czech Republic,CZ,CZE
Denmark,DK,DNK
Djibouti,DJ,DJI
Dominica,DM,DMA
Dominican Republic,DO,DOM
Ecuador,EC,ECU
Egypt,EG,EGY
El Salvador,SV,SLV
Equatorial Guinea,GQ,GNQ
Eritrea,ER,ERI
Estonia,EE,EST
Ethiopia,ET,ETH
Falkland Islands ,FK,FLK
Faroe Islands,FO,FRO
Fiji,FJ,FJI
Finland,FI,FIN
France,FR,FRA
French Guiana,GF,GUF
French Polynesia,PF,PYF
French Southern Territories,TF,ATF
Gabon,GA,GAB
Gambia,GM,GMB
Georgia,GE,GEO
Germany,DE,DEU
Ghana,GH,GHA
Gibraltar,GI,GIB
Greece,GR,GRC
Greenland,GL,GRL
Grenada,GD,GRD
Guadeloupe,GP,GLP
Guam,GU,GUM
Guatemala,GT,GTM
Guernsey,GG,GGY
Guinea,GN,GIN
Guinea-bissau,GW,GNB
Guyana,GY,GUY
Haiti,HT,HTI
Heard and McDonald Islands,HM,HMD
Holy See ,VA,VAT
Honduras,HN,HND
Hong Kong,HK,HKG
Hungary,HU,HUN
Iceland,IS,ISL
India,IN,IND
Indonesia,ID,IDN
Iran ,IR,IRN
Iraq,IQ,IRQ
Ireland,IE,IRL
Isle of Man,IM,IMN
Israel,IL,ISR
Italy,IT,ITA
Jamaica,JM,JAM
Japan,JP,JPN
Jersey,JE,JEY
Jordan,JO,JOR
Kazakhstan,KZ,KAZ
Kenya,KE,KEN
Kiribati,KI,KIR
Democratic People's Republic of Korea,KP,PRK
Republic of Korea,KR,KOR
Kuwait,KW,KWT
Kyrgyzstan,KG,KGZ
Lao People's Democratic Republic,LA,LAO
Latvia,LV,LVA
Lebanon,LB,LBN
Lesotho,LS,LSO
Liberia,LR,LBR
Libya,LY,LBY
Liechtenstein,LI,LIE
Lithuania,LT,LTU
Luxembourg,LU,LUX
Macao,MO,MAC
The Former Yugoslav Republic of Macedonia,MK,MKD
Madagascar,MG,MDG
Malawi,MW,MWI
Malaysia,MY,MYS
Maldives,MV,MDV
Mali,ML,MLI
Malta,MT,MLT
Marshall Islands,MH,MHL
Martinique,MQ,MTQ
Mauritania,MR,MRT
Mauritius,MU,MUS
Mayotte,YT,MYT
Mexico,MX,MEX
Federated States of Micronesia,FM,FSM
Republic of Moldova,MD,MDA
Monaco,MC,MCO
Mongolia,MN,MNG
Montenegro,ME,MNE
Montserrat,MS,MSR
Morocco,MA,MAR
Mozambique,MZ,MOZ
Myanmar,MM,MMR
Namibia,NA,NAM
Nauru,NR,NRU
Nepal,NP,NPL
Netherlands,NL,NLD
New Caledonia,NC,NCL
New Zealand,NZ,NZL
Nicaragua,NI,NIC
Niger,NE,NER
Nigeria,NG,NGA
Niue,NU,NIU
Norfolk Island,NF,NFK
Northern Mariana Islands,MP,MNP
Norway,NO,NOR
Oman,OM,OMN
Pakistan,PK,PAK
Palau,PW,PLW
State of Palestine,PS,PSE
Panama,PA,PAN
Papua New Guinea,PG,PNG
Paraguay,PY,PRY
Peru,PE,PER
Philippines,PH,PHL
Pitcairn,PN,PCN
Poland,PL,POL
Portugal,PT,PRT
Puerto Rico,PR,PRI
Qatar,QA,QAT
Réunion,RE,REU
Romania,RO,ROU
Russian Federation,RU,RUS
Rwanda,RW,RWA
Ascension and Tristan Da Cunha Saint Helena,SH,SHN
Saint Barthélemy,BL,BLM
Saint Kitts and Nevis,KN,KNA
Saint Lucia,LC,LCA
Saint Pierre and Miquelon,PM,SPM
Saint Vincent and The Grenadines,VC,VCT
Samoa,WS,WSM
San Marino,SM,SMR
Sao Tome and Principe,ST,STP
Saudi Arabia,SA,SAU
Senegal,SN,SEN
Serbia,RS,SRB
Seychelles,SC,SYC
Sierra Leone,SL,SLE
Singapore,SG,SGP
Sint Maarten ,SX,SXM
Slovakia,SK,SVK
Slovenia,SI,SVN
Solomon Islands,SB,SLB
Somalia,SO,SOM
South Africa,ZA,ZAF
South Georgia and The South Sandwich Islands,GS,SGS
South Sudan,SS,SSD
Spain,ES,ESP
Sri Lanka,LK,LKA
Sudan,SD,SDN
Suriname,SR,SUR
Svalbard and Jan Mayen Islands,SJ,SJM
Swaziland,SZ,SWZ
Sweden,SE,SWE
Switzerland,CH,CHE
Syrian Arab Republic,SY,SYR
Province of China Taiwan,TW,TWN
Tajikistan,TJ,TJK
United Republic of Tanzania,TZ,TZA
Thailand,TH,THA
Timor-leste,TL,TLS
Togo,TG,TGO
Tokelau,TK,TKL
Tonga,TO,TON
Trinidad and Tobago,TT,TTO
Tunisia,TN,TUN
Turkey,TR,TUR
Turkmenistan,TM,TKM
Turks and Caicos Islands,TC,TCA
Tuvalu,TV,TUV
Uganda,UG,UGA
Ukraine,UA,UKR
United Arab Emirates,AE,ARE
United Kingdom,GB,GBR
United States,US,USA
United States Minor Outlying Islands,UM,UMI
Uruguay,UY,URY
Uzbekistan,UZ,UZB
Vanuatu,VU,VUT
Bolivarian Republic of Venezuela,VE,VEN
Vietnam,VN,VNM
Virgin Islands (British),VG,VGB
Virgin Islands (US),VI,VIR
Wallis and Futuna Islands,WF,WLF
Western Sahara,EH,ESH
Yemen,YE,YEM
Zambia,ZM,ZMB
Zimbabwe,ZW,ZWE